rank,ticker,theme,action,total_score,market_score,theme_score,leader_score,setup_score,breakout_score,price,ema8,ema21,ema50,relative_20d_pct,relative_60d_pct,volume_ratio,gap_to_breakout_pct,avg_dollar_volume_20d,trigger,stop,target_2r,stop_distance_pct,max_position_pct_at_configured_risk
1,CRWD,cyber_security,WATCH,67.45,10.0,18.1,22.78,12.57,4.0,264.75,256.07,240.74,220.77,22.74,33.79,0.79,1.11,2957407084.0,267.96,242.26,319.36,9.59,10.43
2,PANW,cyber_security,WATCH,67.17,10.0,18.1,16.62,14.44,8.0,397.31,385.08,372.85,355.76,9.37,15.63,0.9,-0.25,2687712739.0,396.7,372.85,444.39,6.01,16.64
3,MSFT,ai_software,WATCH,66.7,10.0,16.6,14.47,17.64,8.0,512.9,506.65,500.13,480.41,2.01,29.9,1.28,1.27,10950587343.0,519.92,500.13,559.51,3.81,25.0
4,OKTA,cyber_security,WATCH,66.58,10.0,18.1,22.89,11.59,4.0,209.11,200.53,187.05,167.25,25.28,38.59,0.83,1.62,835094380.0,212.71,191.31,255.52,10.06,9.94
5,FTNT,cyber_security,NO_ACTION,62.21,10.0,18.1,14.8,15.31,4.0,178.76,175.52,170.42,162.98,10.09,10.41,0.76,1.46,727974157.0,181.55,170.42,203.82,6.13,16.31
6,TSM,semiconductors,NO_ACTION,61.42,10.0,17.5,12.85,17.07,4.0,456.19,449.56,438.37,428.3,10.13,3.49,0.9,0.71,4544072119.0,459.89,439.74,500.19,4.38,22.82
7,MRVL,semiconductors,NO_ACTION,59.08,10.0,17.5,14.07,13.51,4.0,264.21,256.9,244.89,233.27,25.22,12.3,0.68,1.24,4662401430.0,267.75,244.89,313.46,8.54,11.71
8,NVDA,semiconductors,NO_ACTION,57.98,10.0,17.5,13.65,15.83,1.0,228.38,226.06,222.97,218.24,4.79,13.85,1.08,2.68,25776636809.0,234.73,224.14,255.92,4.51,22.16
9,LRCX,semiconductors,NO_ACTION,57.61,10.0,17.5,9.52,12.59,8.0,328.51,313.44,305.83,308.04,12.96,-1.41,0.82,-0.06,3074352714.0,328.65,305.83,374.28,6.94,14.4
10,MU,semiconductors,NO_ACTION,55.12,10.0,17.5,13.09,10.53,4.0,1065.11,1055.13,1017.99,972.9,13.75,11.26,1.24,4.09,26624895139.0,1109.83,1027.14,1275.2,7.45,13.42
11,AMD,semiconductors,NO_ACTION,54.32,10.0,17.5,18.2,8.62,0.0,611.76,602.74,563.21,526.06,32.74,16.28,0.75,4.45,13577505656.0,639.64,588.02,742.88,8.07,12.39
12,NET,ai_software,NO_ACTION,54.28,10.0,16.6,19.81,7.88,0.0,347.28,347.19,330.94,307.2,21.27,26.93,0.82,5.8,1093112415.0,367.8,332.72,437.96,9.54,10.48
13,PLTR,ai_software,NO_ACTION,53.36,10.0,16.6,14.68,12.08,0.0,187.05,186.16,180.73,169.48,3.6,36.96,0.71,4.08,4702586717.0,194.87,183.46,217.7,5.86,17.08
14,ROK,robotics_automation,NO_ACTION,53.35,10.0,13.1,7.96,17.29,5.0,435.33,430.56,429.02,434.81,3.9,-9.12,1.2,0.73,298277224.0,438.94,429.02,458.77,2.26,25.0
15,SNOW,ai_software,NO_ACTION,52.76,10.0,16.6,17.16,9.0,0.0,339.56,334.1,331.37,314.96,5.82,26.99,0.99,13.25,1952816337.0,384.94,356.75,441.33,7.32,13.65
16,DDOG,ai_software,NO_ACTION,52.29,10.0,16.6,15.42,10.27,0.0,273.85,260.4,247.15,241.1,21.98,4.39,0.77,2.5,994454804.0,280.98,257.35,328.25,8.41,11.89
17,AMAT,semiconductors,NO_ACTION,52.12,10.0,17.5,8.03,12.59,4.0,511.38,486.26,473.7,484.61,15.38,-9.93,0.99,0.37,3250183011.0,513.79,476.69,587.99,7.22,13.85
18,KLAC,semiconductors,NO_ACTION,51.68,10.0,17.5,7.42,12.76,4.0,194.93,189.04,185.1,189.58,13.71,-12.1,0.73,1.3,1836127472.0,197.67,185.1,222.8,6.36,15.73
19,XOM,energy,NO_ACTION,49.82,10.0,12.6,12.15,15.07,0.0,162.75,161.92,161.81,158.91,-1.45,13.36,0.92,4.23,2313872085.0,169.81,162.33,184.76,4.4,22.71
20,MRNA,biotech,NO_ACTION,49.55,10.0,11.7,20.21,3.64,4.0,192.57,188.09,166.08,132.6,24.47,139.16,1.4,8.48,2843237424.0,209.11,182.0,263.34,12.97,7.71
21,TEM,ai_software,NO_ACTION,48.86,10.0,16.6,18.11,4.15,0.0,81.9,80.54,73.99,65.88,31.16,34.05,0.67,8.78,558743514.0,89.18,78.89,109.75,11.53,8.67
22,ZS,cyber_security,NO_ACTION,48.55,10.0,18.1,16.43,4.02,0.0,199.42,200.0,192.6,179.48,11.44,31.14,0.54,8.8,786126595.0,217.19,195.43,260.71,10.02,9.98
23,TER,robotics_automation,NO_ACTION,47.09,10.0,13.1,14.37,9.63,0.0,400.91,392.35,379.63,374.55,19.2,14.64,0.62,3.67,988515778.0,416.03,379.63,488.82,8.75,11.43
24,CVX,energy,NO_ACTION,45.28,10.0,12.6,12.56,10.12,0.0,204.21,205.64,206.25,201.3,-3.6,16.13,0.65,6.65,2022509180.0,218.0,209.31,235.37,3.98,25.0
25,ISRG,robotics_automation,NO_ACTION,44.63,10.0,13.1,6.62,14.91,0.0,406.63,403.31,391.63,387.92,9.76,-7.09,0.68,2.43,991784814.0,416.93,395.8,459.18,5.07,19.74
26,META,internet_consumer,NO_ACTION,40.55,10.0,6.9,19.03,4.62,0.0,725.18,726.61,687.61,645.95,25.09,15.65,0.8,7.53,17557869436.0,780.6,721.3,899.2,7.6,13.16
27,ARM,semiconductors,NO_ACTION,40.16,10.0,17.5,11.11,1.54,0.0,289.66,294.8,282.02,275.4,22.99,-5.83,0.72,16.34,1684322231.0,337.32,295.69,420.57,12.34,8.1
28,VRTX,biotech,NO_ACTION,39.87,10.0,11.7,7.51,9.66,1.0,522.81,522.56,522.93,515.19,-4.9,-2.14,1.11,7.16,538572719.0,560.81,538.87,604.69,3.91,25.0
29,NOW,ai_software,NO_ACTION,38.01,10.0,16.6,6.32,5.1,0.0,134.01,134.64,134.84,128.54,-6.58,18.78,0.72,10.12,1675420423.0,147.72,136.23,170.68,7.77,12.86
30,HOOD,financials_fintech,NO_ACTION,31.2,10.0,6.9,8.69,1.61,4.0,112.5,116.75,114.51,108.5,8.32,-2.6,1.5,12.66,2641250250.0,126.87,114.51,151.58,9.74,10.27
31,CRSP,biotech,NO_ACTION,28.79,10.0,11.7,3.79,3.3,0.0,55.32,55.43,55.36,54.7,-3.0,-11.22,0.71,9.76,90261218.0,60.78,55.36,71.62,8.92,11.21
32,COIN,financials_fintech,NO_ACTION,28.73,10.0,6.9,9.9,1.93,0.0,186.41,190.8,185.86,177.89,5.06,11.76,0.87,11.76,1801315283.0,208.54,185.86,253.9,10.88,9.19
33,AVGO,semiconductors,DEFENSIVE,42.44,10.0,17.5,4.96,9.98,0.0,351.19,353.13,357.41,368.1,-5.19,-7.36,0.72,5.93,9669409159.0,372.39,357.41,402.37,4.02,24.85
34,AMZN,internet_consumer,DEFENSIVE,39.59,10.0,6.9,7.18,11.51,4.0,249.15,249.47,252.32,253.69,-2.62,-0.96,1.22,4.8,8569049375.0,261.38,252.32,279.5,3.47,25.0
35,COP,energy,DEFENSIVE,39.11,10.0,12.6,9.03,7.48,0.0,125.15,127.44,129.6,127.14,-8.47,13.93,0.95,13.16,859132233.0,141.76,134.72,155.85,4.97,20.12
36,GOOGL,internet_consumer,DEFENSIVE,38.84,10.0,6.9,7.52,10.42,4.0,344.08,343.59,343.65,345.56,2.41,-8.44,1.4,5.84,9181808850.0,364.53,346.68,400.25,4.9,20.41
37,REGN,biotech,DEFENSIVE,38.07,10.0,11.7,8.34,7.03,1.0,758.27,773.08,785.57,771.42,-8.32,10.01,1.19,13.33,557040322.0,860.2,821.06,938.48,4.55,21.98
38,FANG,energy,DEFENSIVE,37.71,10.0,12.6,8.16,6.95,0.0,183.81,187.22,192.8,195.11,-9.88,0.11,0.44,16.05,593830364.0,213.52,201.23,238.1,5.76,17.37
39,SYM,robotics_automation,DEFENSIVE,37.4,10.0,13.1,8.75,5.56,0.0,42.07,42.66,42.53,42.65,9.71,-0.43,0.71,8.48,68772880.0,45.68,42.53,51.98,6.89,14.52
40,HAL,energy,DEFENSIVE,35.08,10.0,12.6,2.02,6.45,4.0,31.8,32.63,33.74,34.37,-13.55,-7.7,1.3,19.69,340496902.0,38.1,36.34,41.61,4.61,21.7
41,SLB,energy,DEFENSIVE,34.97,10.0,12.6,5.8,6.57,0.0,48.72,50.93,52.43,52.51,-14.67,3.25,0.96,22.88,668649374.0,59.93,56.64,66.51,5.49,18.2
42,ORCL,ai_software,DEFENSIVE,34.29,10.0,16.6,5.12,2.57,0.0,137.3,139.86,143.81,146.7,-3.2,-4.95,0.63,24.33,4886568207.0,170.87,156.24,200.14,8.56,11.68
43,APP,ai_software,DEFENSIVE,34.06,10.0,16.6,0.94,2.52,4.0,290.43,308.25,316.52,345.24,-7.2,-47.24,1.39,16.5,1408723419.0,338.68,316.52,383.0,6.54,15.28
44,JPM,financials_fintech,DEFENSIVE,33.18,10.0,6.9,7.07,8.21,1.0,330.83,338.7,345.38,346.39,-7.16,-4.72,1.11,9.68,2713882741.0,363.22,348.76,392.14,3.98,25.0
45,VST,nuclear_power,DEFENSIVE,31.67,10.0,3.35,4.44,6.88,7.0,138.35,139.47,141.08,144.21,-0.0,-13.26,1.68,11.78,662765012.0,154.8,146.27,171.87,5.51,18.14
46,ALNY,biotech,DEFENSIVE,31.49,10.0,11.7,2.64,7.15,0.0,246.74,250.26,248.5,252.21,-0.1,-25.52,0.71,10.27,360429164.0,272.35,255.69,305.68,6.12,16.34
47,MS,financials_fintech,DEFENSIVE,30.43,10.0,6.9,2.79,6.74,4.0,188.08,195.62,202.53,207.36,-11.24,-17.08,1.34,16.18,969374674.0,218.73,208.44,239.31,4.7,21.26
48,IBKR,financials_fintech,DEFENSIVE,29.0,10.0,6.9,4.66,6.45,1.0,85.42,88.12,89.73,90.29,-5.86,-11.84,1.08,11.1,319415697.0,94.99,89.73,105.52,5.54,18.05
49,MELI,internet_consumer,DEFENSIVE,28.69,10.0,6.9,4.07,6.72,1.0,1728.53,1759.88,1816.51,1835.06,-12.33,-6.94,1.08,19.52,1098964822.0,2068.07,1966.37,2271.46,4.92,20.34
50,PATH,robotics_automation,DEFENSIVE,28.65,10.0,13.1,3.68,1.87,0.0,12.84,12.84,13.75,13.94,-29.58,7.97,0.77,46.65,709124960.0,18.85,17.51,21.52,7.08,14.12
51,CEG,nuclear_power,DEFENSIVE,28.47,10.0,3.35,4.71,6.41,4.0,254.02,261.5,267.11,269.84,-9.74,3.88,1.5,20.38,754433062.0,306.11,286.94,344.44,6.26,15.97
52,NOC,aerospace_space,DEFENSIVE,28.38,10.0,3.25,1.81,6.32,7.0,483.48,505.7,518.38,531.25,-9.64,-13.79,1.71,13.71,417182814.0,550.32,526.12,598.71,4.4,22.74
53,UBER,internet_consumer,DEFENSIVE,27.91,10.0,6.9,2.37,8.64,0.0,68.51,69.44,71.21,72.58,-9.3,-10.08,0.83,14.37,1292237030.0,78.43,75.44,84.41,3.81,25.0
54,GS,financials_fintech,DEFENSIVE,26.67,10.0,6.9,2.22,7.54,0.0,900.36,927.71,961.4,992.01,-10.55,-15.5,0.86,15.94,1914075293.0,1044.88,990.94,1152.78,5.16,19.37
55,LMT,aerospace_space,DEFENSIVE,26.22,10.0,3.25,3.99,7.98,1.0,509.25,519.2,530.26,540.29,-6.83,-6.54,1.13,10.94,623961109.0,565.54,542.57,611.5,4.06,24.61
56,HWM,aerospace_space,DEFENSIVE,25.65,10.0,3.25,3.35,9.05,0.0,226.18,229.06,236.33,250.04,-11.62,-20.09,0.77,16.43,806044425.0,263.6,252.14,286.53,4.35,22.99
57,RTX,aerospace_space,DEFENSIVE,25.59,10.0,3.25,2.96,8.38,1.0,185.65,189.24,194.93,199.38,-9.87,-9.51,1.18,13.82,744533520.0,211.52,203.92,226.72,3.59,25.0
58,NFLX,internet_consumer,DEFENSIVE,25.13,10.0,6.9,1.35,5.87,1.0,69.58,71.26,73.92,75.8,-14.26,-10.91,1.07,20.15,2372763994.0,83.68,79.48,92.09,5.02,19.9
59,GD,aerospace_space,DEFENSIVE,24.65,10.0,3.25,4.18,7.22,0.0,331.83,338.68,350.39,360.54,-10.53,-13.68,0.8,13.1,436714809.0,375.69,363.15,400.75,3.34,25.0
60,RKLB,aerospace_space,DEFENSIVE,24.63,10.0,3.25,7.27,3.11,1.0,69.68,70.26,69.0,72.13,11.06,-18.71,1.09,8.3,1432769573.0,75.54,69.0,88.6,8.65,11.56
61,BWXT,nuclear_power,DEFENSIVE,24.33,10.0,3.35,1.57,5.41,4.0,137.0,139.82,146.26,157.4,-15.55,-28.51,1.3,18.91,153424245.0,163.07,153.94,181.33,5.6,17.86
62,DASH,internet_consumer,DEFENSIVE,24.06,10.0,6.9,2.39,4.77,0.0,183.55,188.16,196.68,199.35,-19.02,-8.47,1.0,26.87,782204762.0,233.1,218.5,262.3,6.26,15.97
63,SOFI,financials_fintech,DEFENSIVE,21.86,10.0,6.9,0.7,4.25,0.0,15.72,16.33,16.92,17.33,-8.16,-13.69,0.92,19.02,706237597.0,18.73,17.52,21.14,6.43,15.55
64,ASTS,aerospace_space,DEFENSIVE,21.6,10.0,3.25,4.36,2.99,1.0,58.86,60.35,61.2,64.38,5.12,-22.93,1.16,14.17,606158533.0,67.27,61.2,79.4,9.02,11.09
65,CCJ,nuclear_power,DEFENSIVE,20.89,10.0,3.35,1.19,5.35,1.0,86.67,88.9,92.33,95.22,-10.32,-10.7,1.09,20.13,244245155.0,104.22,98.03,116.61,5.94,16.83
66,AVAV,aerospace_space,DEFENSIVE,20.49,10.0,3.25,5.82,1.42,0.0,142.22,149.47,152.66,157.09,-1.71,-14.74,0.61,18.13,335108011.0,168.17,152.66,199.18,9.22,10.85
67,OKLO,nuclear_power,DEFENSIVE,19.78,10.0,3.35,2.93,3.5,0.0,37.02,37.82,38.89,41.92,-4.28,-24.96,0.82,20.96,367596018.0,44.82,40.4,53.67,9.87,10.13
68,NNE,nuclear_power,DEFENSIVE,17.81,10.0,3.35,1.17,3.28,0.0,15.85,16.38,16.9,17.92,-9.63,-18.28,0.77,23.66,29988280.0,19.62,17.67,23.52,9.94,10.06
69,LEU,nuclear_power,DEFENSIVE,17.07,10.0,3.35,1.44,2.28,0.0,139.49,144.74,154.16,164.47,-17.48,-18.04,0.76,37.08,105990783.0,191.4,174.48,225.25,8.84,11.31
70,SMR,nuclear_power,DEFENSIVE,15.4,10.0,3.35,1.99,0.05,0.0,7.9,8.24,8.7,9.11,-14.58,-14.08,0.78,43.92,299191174.0,11.38,10.13,13.88,11.0,9.09
71,RXRX,biotech,FILTERED,56.29,10.0,11.7,13.09,10.51,11.0,4.13,3.87,3.66,3.49,23.66,5.3,1.56,0.73,86759036.0,4.16,3.66,5.17,12.06,8.29
